{
  "n_train": 207,
  "n_val": 30,
  "n_test": 60,
  "n_features": 13,
  "positive_rate_train": 0.9371980428695679,
  "positive_rate_test": 0.9666666388511658,
  "feature_means": [
    54.78260869565217,
    0.714975845410628,
    3.154589371980676,
    131.78743961352657,
    247.41545893719805,
    0.1642512077294686,
    0.9516908212560387,
    149.71980676328502,
    0.357487922705314,
    1.0410627993048678,
    1.5990338164251208,
    0.6956521739130435,
    4.719806763285024
  ],
  "feature_stds": [
    9.316034017384462,
    0.45142594729366786,
    0.9455033168666745,
    17.45423932046353,
    54.04132747287879,
    0.37050337176452147,
    0.9915510423704349,
    23.456584295727353,
    0.47926016715887515,
    1.1530278569587202,
    0.6283165405947472,
    0.9525609695742022,
    1.9208351548553457
  ]
}